AREANM,AREACD,time1,time2,time3,time4,time5,time6,time7,time8,time9,time10,time11
North East,E12000001,15.3444,22.26612,19.97232,12.95988,-5.11872,-14.30124,22.26612,19.97232,12.95988,-5.11872,-14.30124
North West,E12000002,7.76316,11.367,11.5416,4.79676,-1.75452,-10.35468,11.367,11.5416,4.79676,-1.75452,-10.35468
Yorkshire and The Humber,E12000003,15.64788,13.44252,7.28196,2.23512,-4.85292,-7.93836,13.44252,7.28196,2.23512,-4.85292,-7.93836
East Midlands,E12000004,22.06728,18.67776,13.2678,4.1778,-0.92844,-3.39072,18.67776,13.2678,4.1778,-0.92844,-3.39072
West Midlands,E12000005,17.27592,21.5982,12.64692,2.91084,-7.63848,-1.04784,21.5982,12.64692,2.91084,-7.63848,-1.04784
East of England,E12000006,17.82624,20.48016,16.91964,9.2952,5.20692,2.69232,20.48016,16.91964,9.2952,5.20692,2.69232
London,E12000007,15.72456,7.98432,5.4756,6.57132,5.21952,8.01744,7.98432,5.4756,6.57132,5.21952,8.01744
South East,E12000008,12.684,19.31112,16.99308,12.3216,0.5682,-6.76104,19.31112,16.99308,12.3216,0.5682,-6.76104
South West,E12000009,1.62552,2.54256,6.79056,10.92192,3.99552,-0.59808,2.54256,6.79056,10.92192,3.99552,-0.59808
